{
  "created_at": "2025-12-19T17:22:08.799094+00:00Z",
  "num_samples": 1110,
  "num_videos": 17,
  "rois": {
    "GH010167.MP4": {
      "quad": [
        [
          883,
          407
        ],
        [
          1260,
          364
        ],
        [
          1325,
          505
        ],
        [
          945,
          600
        ]
      ]
    },
    "GH010168.MP4": {
      "quad": [
        [
          865,
          333
        ],
        [
          1228,
          298
        ],
        [
          1307,
          431
        ],
        [
          927,
          526
        ]
      ]
    },
    "GH010169.MP4": {
      "quad": [
        [
          737,
          501
        ],
        [
          987,
          477
        ],
        [
          1028,
          566
        ],
        [
          783,
          626
        ]
      ]
    },
    "GH010170.MP4": {
      "quad": [
        [
          889,
          330
        ],
        [
          1127,
          313
        ],
        [
          1180,
          395
        ],
        [
          943,
          428
        ]
      ]
    },
    "GH010171.MP4": {
      "quad": [
        [
          944,
          371
        ],
        [
          1190,
          363
        ],
        [
          1238,
          452
        ],
        [
          992,
          487
        ]
      ]
    },
    "GH010173.MP4": {
      "quad": [
        [
          955,
          430
        ],
        [
          1201,
          422
        ],
        [
          1249,
          511
        ],
        [
          1003,
          546
        ]
      ]
    },
    "GH010174.MP4": {
      "quad": [
        [
          952,
          410
        ],
        [
          1198,
          402
        ],
        [
          1246,
          491
        ],
        [
          1000,
          526
        ]
      ]
    },
    "GH010183.MP4": {
      "quad": [
        [
          966,
          619
        ],
        [
          1147,
          583
        ],
        [
          1209,
          658
        ],
        [
          1051,
          712
        ]
      ]
    },
    "GH020167.MP4": {
      "quad": [
        [
          886,
          541
        ],
        [
          1229,
          480
        ],
        [
          1299,
          611
        ],
        [
          946,
          704
        ]
      ]
    },
    "GH020168.MP4": {
      "quad": [
        [
          869,
          337
        ],
        [
          1224,
          300
        ],
        [
          1296,
          442
        ],
        [
          923,
          516
        ]
      ]
    },
    "GH020169.MP4": {
      "quad": [
        [
          724,
          455
        ],
        [
          1001,
          421
        ],
        [
          1056,
          523
        ],
        [
          779,
          569
        ]
      ]
    },
    "GH020170.MP4": {
      "quad": [
        [
          886,
          328
        ],
        [
          1142,
          304
        ],
        [
          1195,
          391
        ],
        [
          925,
          431
        ]
      ]
    },
    "GH020171.MP4": {
      "quad": [
        [
          952,
          366
        ],
        [
          1203,
          352
        ],
        [
          1243,
          449
        ],
        [
          986,
          479
        ]
      ]
    },
    "GH020173.MP4": {
      "quad": [
        [
          946,
          417
        ],
        [
          1197,
          403
        ],
        [
          1237,
          500
        ],
        [
          980,
          530
        ]
      ]
    },
    "GH020174.MP4": {
      "quad": [
        [
          956,
          407
        ],
        [
          1193,
          388
        ],
        [
          1249,
          481
        ],
        [
          992,
          511
        ]
      ]
    },
    "GH020178.MP4": {
      "quad": [
        [
          843,
          410
        ],
        [
          1032,
          372
        ],
        [
          1106,
          445
        ],
        [
          907,
          494
        ]
      ]
    },
    "GH020181.MP4": {
      "quad": [
        [
          979,
          668
        ],
        [
          1192,
          614
        ],
        [
          1274,
          684
        ],
        [
          1081,
          765
        ]
      ]
    }
  },
  "video_ranges": {
    "GH010167.MP4": {
      "max_frame": 19399,
      "min_frame": 1243
    },
    "GH010168.MP4": {
      "max_frame": 19399,
      "min_frame": 0
    },
    "GH010169.MP4": {
      "max_frame": 16336,
      "min_frame": 3311
    },
    "GH010170.MP4": {
      "max_frame": 19395,
      "min_frame": 89
    },
    "GH010171.MP4": {
      "max_frame": 19407,
      "min_frame": 1083
    },
    "GH010173.MP4": {
      "max_frame": 19584,
      "min_frame": 3700
    },
    "GH010174.MP4": {
      "max_frame": 19434,
      "min_frame": 700
    },
    "GH010183.MP4": {
      "max_frame": 4839,
      "min_frame": 412
    },
    "GH020167.MP4": {
      "max_frame": 4290,
      "min_frame": 376
    },
    "GH020168.MP4": {
      "max_frame": 5567,
      "min_frame": 0
    },
    "GH020169.MP4": {
      "max_frame": 10811,
      "min_frame": 0
    },
    "GH020170.MP4": {
      "max_frame": 2869,
      "min_frame": 0
    },
    "GH020171.MP4": {
      "max_frame": 1976,
      "min_frame": 0
    },
    "GH020173.MP4": {
      "max_frame": 1900,
      "min_frame": 0
    },
    "GH020174.MP4": {
      "max_frame": 10602,
      "min_frame": 0
    },
    "GH020178.MP4": {
      "max_frame": 10355,
      "min_frame": 0
    },
    "GH020181.MP4": {
      "max_frame": 9766,
      "min_frame": 0
    }
  },
  "weight_range": [
    3.367,
    7.676
  ]
}